{"stats":{"minecraft:killed":{"minecraft:cow":9},"minecraft:dropped":{"minecraft:stone_pickaxe":1},"minecraft:used":{"minecraft:wooden_axe":16,"minecraft:stone_pickaxe":23,"minecraft:oak_planks":4,"minecraft:wooden_pickaxe":20,"minecraft:stone_axe":8,"minecraft:crafting_table":2,"minecraft:birch_log":1,"minecraft:cooked_beef":2,"minecraft:smoker":1},"minecraft:mined":{"minecraft:birch_log":3,"minecraft:smoker":1,"minecraft:birch_leaves":1,"minecraft:crafting_table":2,"minecraft:grass_block":1,"minecraft:oak_log":31,"minecraft:stone":42,"minecraft:oak_leaves":25},"minecraft:crafted":{"minecraft:cooked_beef":16,"minecraft:oak_planks":108,"minecraft:crafting_table":1,"minecraft:stick":8,"minecraft:wooden_pickaxe":1,"minecraft:stone_pickaxe":1,"minecraft:wooden_axe":1,"minecraft:stone_sword":1,"minecraft:furnace":1,"minecraft:stone_axe":1,"minecraft:smoker":1},"minecraft:picked_up":{"minecraft:birch_log":3,"minecraft:stick":3,"minecraft:crafting_table":2,"minecraft:cooked_beef":1,"minecraft:leather":8,"minecraft:smoker":1,"minecraft:oak_log":31,"minecraft:dirt":1,"minecraft:apple":1,"minecraft:beef":17,"minecraft:stone_pickaxe":1,"minecraft:oak_sapling":1,"minecraft:oak_planks":8,"minecraft:cobblestone":42},"minecraft:custom":{"minecraft:time_since_rest":11616,"minecraft:sprint_one_cm":50138,"minecraft:damage_taken":60,"minecraft:walk_one_cm":26017,"minecraft:mob_kills":9,"minecraft:drop":1,"minecraft:damage_dealt":900,"minecraft:interact_with_crafting_table":3,"minecraft:swim_one_cm":9000,"minecraft:fly_one_cm":31414,"minecraft:crouch_one_cm":275,"minecraft:play_time":11616,"minecraft:sneak_time":171,"minecraft:walk_under_water_one_cm":478,"minecraft:jump":186,"minecraft:leave_game":1,"minecraft:walk_on_water_one_cm":3326,"minecraft:time_since_death":11616,"minecraft:total_world_time":11616,"minecraft:interact_with_smoker":5,"minecraft:fall_one_cm":4585}},"DataVersion":3955}