{"stats":{"minecraft:killed":{"minecraft:sheep":1,"minecraft:cow":1},"minecraft:dropped":{"minecraft:wheat_seeds":1,"minecraft:wooden_pickaxe":1},"minecraft:used":{"minecraft:stone_pickaxe":41,"minecraft:wooden_pickaxe":33,"minecraft:gravel":2,"minecraft:stone_axe":26,"minecraft:dirt":9,"minecraft:cobblestone":8,"minecraft:crafting_table":2,"minecraft:furnace":2,"minecraft:cooked_beef":1},"minecraft:mined":{"minecraft:furnace":2,"minecraft:birch_leaves":1,"minecraft:crafting_table":2,"minecraft:short_grass":12,"minecraft:coal_ore":22,"minecraft:grass_block":4,"minecraft:oak_log":16,"minecraft:dirt":5,"minecraft:gravel":2,"minecraft:stone":40,"minecraft:oak_leaves":6},"minecraft:crafted":{"minecraft:cooked_beef":2,"minecraft:oak_planks":44,"minecraft:crafting_table":1,"minecraft:stick":8,"minecraft:wooden_pickaxe":1,"minecraft:stone_pickaxe":1,"minecraft:furnace":2,"minecraft:stone_axe":1,"minecraft:cooked_mutton":2},"minecraft:picked_up":{"minecraft:crafting_table":2,"minecraft:leather":1,"minecraft:gravel":2,"minecraft:oak_log":16,"minecraft:dirt":9,"minecraft:wheat_seeds":3,"minecraft:beef":2,"minecraft:coal":22,"minecraft:mutton":2,"minecraft:oak_planks":17,"minecraft:white_wool":1,"minecraft:cobblestone":40,"minecraft:furnace":2},"minecraft:custom":{"minecraft:time_since_rest":11597,"minecraft:interact_with_furnace":7,"minecraft:sprint_one_cm":25819,"minecraft:damage_taken":50,"minecraft:walk_one_cm":23199,"minecraft:mob_kills":2,"minecraft:drop":2,"minecraft:damage_dealt":180,"minecraft:fly_one_cm":21892,"minecraft:swim_one_cm":5287,"minecraft:interact_with_crafting_table":4,"minecraft:crouch_one_cm":119,"minecraft:play_time":11597,"minecraft:sneak_time":106,"minecraft:walk_under_water_one_cm":707,"minecraft:jump":181,"minecraft:leave_game":1,"minecraft:time_since_death":11597,"minecraft:walk_on_water_one_cm":2763,"minecraft:total_world_time":11597,"minecraft:fall_one_cm":4897}},"DataVersion":3955}