{"stats":{"minecraft:killed":{"minecraft:sheep":1,"minecraft:cow":1},"minecraft:dropped":{"minecraft:wooden_pickaxe":1},"minecraft:used":{"minecraft:stone_pickaxe":11,"minecraft:wooden_pickaxe":23,"minecraft:stone_axe":67,"minecraft:crafting_table":2,"minecraft:oak_sapling":4,"minecraft:cooked_beef":1},"minecraft:mined":{"minecraft:crafting_table":1,"minecraft:grass_block":1,"minecraft:oak_log":67,"minecraft:dirt":4,"minecraft:stone":34,"minecraft:oak_leaves":4},"minecraft:crafted":{"minecraft:oak_planks":28,"minecraft:crafting_table":1,"minecraft:stick":12,"minecraft:wooden_pickaxe":1,"minecraft:stone_pickaxe":1,"minecraft:stone_axe":1},"minecraft:picked_up":{"minecraft:stick":5,"minecraft:crafting_table":2,"minecraft:oak_log":67,"minecraft:dirt":5,"minecraft:apple":1,"minecraft:beef":1,"minecraft:oak_sapling":4,"minecraft:mutton":1,"minecraft:white_wool":1,"minecraft:cobblestone":34},"minecraft:custom":{"minecraft:time_since_rest":10586,"minecraft:sprint_one_cm":21668,"minecraft:damage_taken":62,"minecraft:walk_one_cm":10187,"minecraft:mob_kills":2,"minecraft:drop":1,"minecraft:damage_dealt":180,"minecraft:swim_one_cm":2722,"minecraft:interact_with_crafting_table":3,"minecraft:fly_one_cm":10968,"minecraft:crouch_one_cm":4545,"minecraft:play_time":10586,"minecraft:sneak_time":1589,"minecraft:walk_under_water_one_cm":281,"minecraft:jump":86,"minecraft:leave_game":1,"minecraft:time_since_death":10586,"minecraft:walk_on_water_one_cm":514,"minecraft:total_world_time":10586,"minecraft:fall_one_cm":1860}},"DataVersion":3955}